Title,URL,Score,Created Date
Chat is that true about Elon Musk,https://i.redd.it/p10vfhthi5de1.jpeg,23183,2025-01-15 20:28:13
Technically the truth,https://i.redd.it/j8f3e045b6de1.jpeg,16772,2025-01-15 23:08:25
No way it's been 19 years,https://i.redd.it/cakqnmzz98de1.png,16105,2025-01-16 05:45:34
And now I can't change it,https://i.redd.it/vmpq5fbuc2de1.gif,6715,2025-01-15 09:51:04
"I feel a sense of disgust and aversion to poo, therefore I am poophobic",https://i.redd.it/wr81l3t215de1.jpeg,5526,2025-01-15 18:50:35
You'll never convince me that brushing your teeth before breakfast is normal,https://i.redd.it/d4j93modj3de1.jpeg,4926,2025-01-15 13:49:44
Mann vs machine ,https://i.redd.it/i3cpwhwh63de1.jpeg,4400,2025-01-15 12:37:01
Budget Gamers be like ,https://i.redd.it/2e3tnkt027de1.jpeg,3158,2025-01-16 01:39:04
This is cringe ,https://i.redd.it/8fto0cam18de1.jpeg,2843,2025-01-16 04:58:35
new update in 2025 allows eating others,https://i.redd.it/htnrq4ubw6de1.gif,2761,2025-01-16 01:07:27
It's always a fight.,https://i.redd.it/c114cbp2s6de1.jpeg,1927,2025-01-16 00:43:18
Small victories.,https://i.redd.it/89xo4pju27de1.jpeg,1542,2025-01-16 01:43:44
Thereâ€™s always that one kid,https://i.redd.it/gkf29r1f38de1.jpeg,1712,2025-01-16 05:08:40
I just want to love you kitty,https://i.redd.it/ugy16y2pr7de1.jpeg,1440,2025-01-16 04:02:58
Cookies drier than deserts,https://i.redd.it/fe4ji2al74de1.jpeg,880,2025-01-15 16:07:21
You're not ready for her,https://i.redd.it/owz60eodg7de1.jpeg,709,2025-01-16 02:59:32
At least show me something I might buy?,https://i.redd.it/vu0hezfrd5de1.png,533,2025-01-15 20:02:53
It can't be...,https://i.redd.it/vlk4reyyr5de1.gif,471,2025-01-15 21:21:51
Typical recruiter routine,https://i.redd.it/s2cos7sfd6de1.png,457,2025-01-15 23:21:39
So... you like jazz?,https://i.redd.it/ts58mqhhd6de1.jpeg,400,2025-01-15 23:21:33
